Model,Exact Match,F1 Score,Avg Confidence,Avg Inference Time
AraBERT,0.0,0.0,0.0,0.3935853004455566
Multilingual BERT,0.0,0.1331082844332945,0.00024526395834982394,0.20772189617156983
XLM-RoBERTa,0.0,0.0007692307692307692,0.0,0.5017082738876343
mBERT QA,0.18,0.44421769733534433,0.5321527974307537,0.21934079647064209
