Model,Exact Match,F1 Score,Avg Confidence,Avg Inference Time
BERT,0.81,0.8717619047619047,0.8256023818254471,5.060782260894776
DistilBERT,0.7,0.7726428571428572,0.7688723686337471,1.00633709192276
RoBERTa,0.84,0.8724285714285714,0.7268486298527569,1.5465696668624878
ALBERT,0.0,0.002264914054600607,0.0,0.6360049748420715
