Model,Parameters_M,F1_Score,Inference_Time,Efficiency_Ratio,Parameter_Efficiency,Model_Size,Model_Type
BERT-Large,340.0,0.6212121212121212,1.1025326649347942,0.5634410126514128,0.0018270944741532976,Large,BERT
DistilBERT,66.0,0.3762210012210012,0.3259321451187134,1.1542924098019582,0.005700318200318201,Base,DistilBERT
RoBERTa,125.0,0.7043956043956044,0.4859152634938558,1.4496264211393954,0.0056351648351648355,Base,RoBERTa
ALBERT,12.0,0.006666666666666667,0.6078799565633138,0.01096707761900404,0.0005555555555555556,Base,ALBERT
mBERT,179.0,0.09523809523809525,0.5671344995498657,0.16792858715822379,0.0005320563979781857,Base,BERT
XLM-RoBERTa,278.0,0.006666666666666667,0.603738029797872,0.01104231692825219,2.3980815347721824e-05,Base,XLM-RoBERTa
AraBERT,136.0,0.006802721088435375,0.4459940195083618,0.015252942395806796,5.0020008003201284e-05,Base,AraBERT
